filename,xmin,ymin,width,height,label
benign (1).png,0,0,562,471,benign
benign (1).png,288,134,51,26,benign
benign (10).png,0,0,683,585,benign
benign (10).png,24,67,209,197,benign
benign (100).png,0,0,323,473,benign
benign (100).png,198,126,101,96,benign
benign (100)_1.png,28,107,71,51,benign
benign (101).png,0,0,563,473,benign
benign (101).png,438,172,99,51,benign
benign (102).png,0,0,634,610,benign
benign (102).png,264,53,186,125,benign
benign (103).png,0,0,766,585,benign
benign (103).png,27,157,342,188,benign
benign (104).png,0,0,777,578,benign
benign (104).png,603,60,89,54,benign
benign (105).png,0,0,882,581,benign
benign (105).png,420,155,129,90,benign
benign (106).png,0,0,808,716,benign
benign (106).png,226,174,131,112,benign
benign (107).png,0,0,759,616,benign
benign (107).png,373,232,130,96,benign
benign (108).png,0,0,769,582,benign
benign (108).png,546,99,193,108,benign
benign (109).png,0,0,562,470,benign
benign (109).png,53,87,221,165,benign
benign (11).png,0,0,689,587,benign
benign (11).png,367,132,72,38,benign
benign (110).png,0,0,555,468,benign
benign (110).png,79,31,312,143,benign
benign (111).png,0,0,315,477,benign
benign (111).png,167,145,64,45,benign
benign (112).png,0,0,652,612,benign
benign (112).png,170,109,100,65,benign
benign (113).png,0,0,810,695,benign
benign (113).png,380,157,243,121,benign
benign (114).png,0,0,757,575,benign
benign (114).png,199,92,221,146,benign
benign (115).png,0,0,554,469,benign
benign (115).png,278,170,98,54,benign
benign (116).png,0,0,766,588,benign
benign (116).png,94,53,106,66,benign
benign (117).png,0,0,806,688,benign
benign (117).png,587,124,146,128,benign
benign (118).png,0,0,653,620,benign
benign (118).png,224,94,98,81,benign
benign (119).png,0,0,762,585,benign
benign (119).png,165,226,110,58,benign
benign (12).png,0,0,678,571,benign
benign (12).png,343,178,78,44,benign
benign (120).png,0,0,808,695,benign
benign (120).png,71,165,56,42,benign
benign (121).png,0,0,646,610,benign
benign (121).png,256,46,177,122,benign
benign (122).png,0,0,774,577,benign
benign (122).png,152,150,149,130,benign
benign (123).png,0,0,648,610,benign
benign (123).png,292,115,221,136,benign
benign (124).png,0,0,645,614,benign
benign (124).png,216,201,155,58,benign
benign (125).png,0,0,756,578,benign
benign (125).png,219,162,92,78,benign
benign (126).png,0,0,771,570,benign
benign (126).png,244,150,103,79,benign
benign (127).png,0,0,558,476,benign
benign (127).png,183,68,74,76,benign
benign (128).png,0,0,549,475,benign
benign (128).png,175,48,67,73,benign
benign (129).png,0,0,775,587,benign
benign (129).png,187,161,137,64,benign
benign (13).png,0,0,678,571,benign
benign (13).png,182,107,355,198,benign
benign (130).png,0,0,558,474,benign
benign (130).png,41,62,186,106,benign
benign (131).png,0,0,587,435,benign
benign (131).png,13,49,321,261,benign
benign (132).png,0,0,552,483,benign
benign (132).png,293,68,104,80,benign
benign (133).png,0,0,369,342,benign
benign (133).png,181,100,50,29,benign
benign (134).png,0,0,378,345,benign
benign (134).png,221,59,58,26,benign
benign (135).png,0,0,776,582,benign
benign (135).png,203,60,133,105,benign
benign (136).png,0,0,886,581,benign
benign (136).png,170,157,183,108,benign
benign (137).png,0,0,777,578,benign
benign (137).png,126,191,104,74,benign
benign (138).png,0,0,766,600,benign
benign (138).png,414,79,70,36,benign
benign (139).png,0,0,563,468,benign
benign (139).png,304,51,145,93,benign
benign (14).png,0,0,699,531,benign
benign (14).png,511,149,111,54,benign
benign (140).png,0,0,452,591,benign
benign (140).png,95,174,299,214,benign
benign (141).png,0,0,567,471,benign
benign (141).png,44,35,522,346,benign
benign (142).png,0,0,785,582,benign
benign (142).png,289,124,81,66,benign
benign (143).png,0,0,554,467,benign
benign (143).png,261,126,57,31,benign
benign (144).png,0,0,770,580,benign
benign (144).png,188,102,47,31,benign
benign (145).png,0,0,779,574,benign
benign (145).png,439,265,121,85,benign
benign (146).png,0,0,449,594,benign
benign (146).png,136,112,46,41,benign
benign (147).png,0,0,564,463,benign
benign (147).png,94,105,72,68,benign
benign (148).png,0,0,567,463,benign
benign (148).png,163,67,131,105,benign
benign (149).png,0,0,557,468,benign
benign (149).png,118,130,157,80,benign
benign (15).png,0,0,701,526,benign
benign (15).png,227,128,67,62,benign
benign (150).png,0,0,671,570,benign
benign (150).png,417,204,57,39,benign
benign (151).png,0,0,560,469,benign
benign (151).png,336,132,64,48,benign
benign (152).png,0,0,555,471,benign
benign (152).png,151,27,338,261,benign
benign (153).png,0,0,772,574,benign
benign (153).png,401,106,61,55,benign
benign (154).png,0,0,1,2,benign
benign (154).png,271,120,63,44,benign
benign (155).png,0,0,783,583,benign
benign (155).png,64,178,329,260,benign
benign (156).png,0,0,887,581,benign
benign (156).png,414,158,138,89,benign
benign (157).png,0,0,567,465,benign
benign (157).png,302,46,146,98,benign
benign (158).png,0,0,556,464,benign
benign (158).png,84,34,310,145,benign
benign (159).png,0,0,696,574,benign
benign (159).png,544,152,71,59,benign
benign (16).png,0,0,558,462,benign
benign (16).png,328,128,59,45,benign
benign (160).png,0,0,624,585,benign
benign (160).png,136,146,72,60,benign
benign (161).png,0,0,568,463,benign
benign (161).png,397,81,68,58,benign
benign (162).png,0,0,549,470,benign
benign (162).png,73,156,46,33,benign
benign (163).png,0,0,779,576,benign
benign (163).png,535,177,62,47,benign
benign (163)_1.png,205,169,83,38,benign
benign (164).png,0,0,560,470,benign
benign (164).png,0,21,381,149,benign
benign (165).png,0,0,558,464,benign
benign (165).png,433,127,63,32,benign
benign (166).png,0,0,555,471,benign
benign (166).png,333,107,67,54,benign
benign (167).png,0,0,566,463,benign
benign (167).png,260,140,66,46,benign
benign (168).png,0,0,557,471,benign
benign (168).png,178,153,166,96,benign
benign (169).png,0,0,561,469,benign
benign (169).png,86,218,57,31,benign
benign (17).png,0,0,558,463,benign
benign (17).png,314,103,104,59,benign
benign (170).png,0,0,564,468,benign
benign (170).png,278,151,179,89,benign
benign (171).png,0,0,566,463,benign
benign (171).png,379,124,57,30,benign
benign (172).png,0,0,619,589,benign
benign (172).png,112,127,118,89,benign
benign (173).png,0,0,726,573,benign
benign (173).png,47,60,126,89,benign
benign (173)_1.png,319,14,303,147,benign
benign (174).png,0,0,556,490,benign
benign (174).png,108,80,230,146,benign
benign (175).png,0,0,765,573,benign
benign (175).png,202,152,199,149,benign
benign (176).png,0,0,715,487,benign
benign (176).png,242,109,111,57,benign
benign (177).png,0,0,562,470,benign
benign (177).png,69,102,77,46,benign
benign (178).png,0,0,772,576,benign
benign (178).png,264,222,250,167,benign
benign (179).png,0,0,422,468,benign
benign (179).png,128,39,37,31,benign
benign (18).png,0,0,564,469,benign
benign (18).png,175,26,295,251,benign
benign (180).png,0,0,763,600,benign
benign (180).png,423,185,118,117,benign
benign (181).png,0,0,733,455,benign
benign (181).png,308,121,200,164,benign
benign (181)_1.png,278,131,71,79,benign
benign (182).png,0,0,555,463,benign
benign (182).png,333,61,61,63,benign
benign (183).png,0,0,916,683,benign
benign (183).png,321,216,84,71,benign
benign (184).png,0,0,349,487,benign
benign (184).png,72,83,271,107,benign
benign (185).png,0,0,752,592,benign
benign (185).png,354,202,77,52,benign
benign (186).png,0,0,741,574,benign
benign (186).png,297,178,220,187,benign
benign (187).png,0,0,730,574,benign
benign (187).png,203,139,142,60,benign
benign (188).png,0,0,655,600,benign
benign (188).png,69,150,585,381,benign
benign (189).png,0,0,544,465,benign
benign (189).png,192,91,80,37,benign
benign (19).png,0,0,663,572,benign
benign (19).png,406,205,56,42,benign
benign (190).png,0,0,734,470,benign
benign (190).png,146,148,207,201,benign
benign (191).png,0,0,549,463,benign
benign (191).png,200,102,112,42,benign
benign (192).png,0,0,557,474,benign
benign (192).png,298,120,124,83,benign
benign (193).png,0,0,754,580,benign
benign (193).png,475,210,84,66,benign
benign (194).png,0,0,711,492,benign
benign (194).png,464,90,146,99,benign
benign (195).png,0,0,729,611,benign
benign (195).png,9,208,315,302,benign
benign (195)_1.png,216,162,461,181,benign
benign (195)_2.png,392,340,278,104,benign
benign (196).png,0,0,766,580,benign
benign (196).png,297,27,320,80,benign
benign (197).png,0,0,547,465,benign
benign (197).png,237,112,89,51,benign
benign (198).png,0,0,759,571,benign
benign (198).png,303,132,381,146,benign
benign (199).png,0,0,556,473,benign
benign (199).png,8,237,448,145,benign
benign (2).png,0,0,557,473,benign
benign (2).png,102,225,163,77,benign
benign (20).png,0,0,319,473,benign
benign (20).png,122,100,114,76,benign
benign (200).png,0,0,554,473,benign
benign (200).png,85,44,310,153,benign
benign (201).png,0,0,556,474,benign
benign (201).png,179,158,194,61,benign
benign (202).png,0,0,552,469,benign
benign (202).png,468,73,53,35,benign
benign (203).png,0,0,569,471,benign
benign (203).png,166,56,302,120,benign
benign (204).png,0,0,560,476,benign
benign (204).png,170,24,168,114,benign
benign (205).png,0,0,557,477,benign
benign (205).png,46,159,445,176,benign
benign (206).png,0,0,569,485,benign
benign (206).png,174,25,172,128,benign
benign (207).png,0,0,562,481,benign
benign (207).png,188,159,363,125,benign
benign (208).png,0,0,562,479,benign
benign (208).png,196,110,77,53,benign
benign (209).png,0,0,558,477,benign
benign (209).png,241,59,133,75,benign
benign (21).png,0,0,558,451,benign
benign (21).png,275,124,65,38,benign
benign (210).png,0,0,563,471,benign
benign (210).png,36,158,171,176,benign
benign (211).png,0,0,557,465,benign
benign (211).png,274,92,108,58,benign
benign (212).png,0,0,558,469,benign
benign (212).png,160,107,366,78,benign
benign (213).png,0,0,573,486,benign
benign (213).png,258,88,147,92,benign
benign (214).png,0,0,602,396,benign
benign (214).png,375,39,198,86,benign
benign (215).png,0,0,600,396,benign
benign (215).png,380,28,87,78,benign
benign (216).png,0,0,646,386,benign
benign (216).png,425,43,215,87,benign
benign (217).png,0,0,603,396,benign
benign (217).png,215,19,307,86,benign
benign (218).png,0,0,602,396,benign
benign (218).png,153,28,342,126,benign
benign (219).png,0,0,608,396,benign
benign (219).png,429,70,145,58,benign
benign (22).png,0,0,562,463,benign
benign (22).png,171,184,155,117,benign
benign (220).png,0,0,609,396,benign
benign (220).png,439,128,137,95,benign
benign (221).png,0,0,610,394,benign
benign (221).png,523,170,68,41,benign
benign (222).png,0,0,605,392,benign
benign (222).png,179,124,145,88,benign
benign (223).png,0,0,562,465,benign
benign (223).png,98,59,148,63,benign
benign (224).png,0,0,568,469,benign
benign (224).png,97,82,310,134,benign
benign (225).png,0,0,558,473,benign
benign (225).png,20,133,194,76,benign
benign (226).png,0,0,555,469,benign
benign (226).png,147,197,159,80,benign
benign (227).png,0,0,567,468,benign
benign (227).png,216,241,173,58,benign
benign (228).png,0,0,563,469,benign
benign (228).png,148,118,396,105,benign
benign (229).png,0,0,564,470,benign
benign (229).png,213,151,179,107,benign
benign (23).png,0,0,779,583,benign
benign (23).png,340,246,195,127,benign
benign (230).png,0,0,566,470,benign
benign (230).png,86,53,208,78,benign
benign (231).png,0,0,561,472,benign
benign (231).png,141,184,226,78,benign
benign (232).png,0,0,562,469,benign
benign (232).png,166,23,223,168,benign
benign (233).png,0,0,557,471,benign
benign (233).png,147,118,248,221,benign
benign (234).png,0,0,562,469,benign
benign (234).png,19,26,278,154,benign
benign (235).png,0,0,560,468,benign
benign (235).png,273,195,247,115,benign
benign (236).png,0,0,566,469,benign
benign (236).png,86,150,405,246,benign
benign (237).png,0,0,558,473,benign
benign (237).png,198,32,211,155,benign
benign (238).png,0,0,556,469,benign
benign (238).png,110,97,208,154,benign
benign (239).png,0,0,560,473,benign
benign (239).png,261,61,110,71,benign
benign (24).png,0,0,1,1,benign
benign (24).png,271,216,98,71,benign
benign (240).png,0,0,556,473,benign
benign (240).png,107,93,246,152,benign
benign (241).png,0,0,562,471,benign
benign (241).png,130,23,199,87,benign
benign (242).png,0,0,556,474,benign
benign (242).png,50,251,206,130,benign
benign (243).png,0,0,561,473,benign
benign (243).png,188,221,351,104,benign
benign (244).png,0,0,561,475,benign
benign (244).png,283,66,124,66,benign
benign (245).png,0,0,560,465,benign
benign (245).png,259,73,128,61,benign
benign (246).png,0,0,526,331,benign
benign (246).png,438,140,55,32,benign
benign (247).png,0,0,469,396,benign
benign (247).png,92,99,89,44,benign
benign (248).png,0,0,472,385,benign
benign (248).png,211,202,81,35,benign
benign (249).png,0,0,465,395,benign
benign (249).png,140,23,139,89,benign
benign (25).png,0,0,770,583,benign
benign (25).png,476,125,74,53,benign
benign (25)_1.png,403,104,57,54,benign
benign (250).png,0,0,469,394,benign
benign (250).png,182,201,141,50,benign
benign (251).png,0,0,467,387,benign
benign (251).png,239,54,104,52,benign
benign (252).png,0,0,473,398,benign
benign (252).png,71,42,175,67,benign
benign (253).png,0,0,463,383,benign
benign (253).png,212,73,116,74,benign
benign (254).png,0,0,473,389,benign
benign (254).png,235,92,47,29,benign
benign (255).png,0,0,473,389,benign
benign (255).png,103,81,149,117,benign
benign (256).png,0,0,469,395,benign
benign (256).png,75,123,232,97,benign
benign (257).png,0,0,467,392,benign
benign (257).png,86,50,120,47,benign
benign (258).png,0,0,462,389,benign
benign (258).png,220,49,90,64,benign
benign (259).png,0,0,465,390,benign
benign (259).png,175,128,143,83,benign
benign (26).png,0,0,554,471,benign
benign (26).png,55,79,270,163,benign
benign (260).png,0,0,1,1,benign
benign (260).png,317,33,157,74,benign
benign (261).png,0,0,469,386,benign
benign (261).png,24,23,226,129,benign
benign (262).png,0,0,471,401,benign
benign (262).png,50,133,378,144,benign
benign (263).png,0,0,465,390,benign
benign (263).png,126,159,133,75,benign
benign (264).png,0,0,462,391,benign
benign (264).png,171,38,180,120,benign
benign (265).png,0,0,544,328,benign
benign (265).png,360,34,176,91,benign
benign (266).png,0,0,462,389,benign
benign (266).png,111,18,166,64,benign
benign (267).png,0,0,500,327,benign
benign (267).png,150,102,119,73,benign
benign (268).png,0,0,506,330,benign
benign (268).png,175,16,257,73,benign
benign (269).png,0,0,465,390,benign
benign (269).png,47,23,112,104,benign
benign (27).png,0,0,774,576,benign
benign (27).png,382,103,96,80,benign
benign (270).png,0,0,500,328,benign
benign (270).png,318,25,73,61,benign
benign (271).png,0,0,510,324,benign
benign (271).png,370,104,110,82,benign
benign (272).png,0,0,498,326,benign
benign (272).png,231,58,264,66,benign
benign (273).png,0,0,560,469,benign
benign (273).png,156,59,302,116,benign
benign (274).png,0,0,556,471,benign
benign (274).png,89,40,318,159,benign
benign (275).png,0,0,556,463,benign
benign (275).png,236,52,137,80,benign
benign (276).png,0,0,550,474,benign
benign (276).png,161,20,223,167,benign
benign (277).png,0,0,556,469,benign
benign (277).png,112,100,185,142,benign
benign (278).png,0,0,561,464,benign
benign (278).png,154,191,158,90,benign
benign (279).png,0,0,551,467,benign
benign (279).png,130,20,201,80,benign
benign (28).png,0,0,841,696,benign
benign (28).png,468,319,178,126,benign
benign (280).png,0,0,556,471,benign
benign (280).png,203,151,176,103,benign
benign (281).png,0,0,605,392,benign
benign (281).png,382,38,186,91,benign
benign (282).png,0,0,560,465,benign
benign (282).png,170,22,163,111,benign
benign (283).png,0,0,621,508,benign
benign (283).png,152,194,81,63,benign
benign (284).png,0,0,622,497,benign
benign (284).png,329,53,212,118,benign
benign (285).png,0,0,625,494,benign
benign (285).png,340,61,203,112,benign
benign (286).png,0,0,620,490,benign
benign (286).png,44,44,370,129,benign
benign (287).png,0,0,466,390,benign
benign (287).png,139,15,184,141,benign
benign (288).png,0,0,463,390,benign
benign (288).png,116,68,170,49,benign
benign (289).png,0,0,468,393,benign
benign (289).png,136,46,249,99,benign
benign (29).png,0,0,561,462,benign
benign (29).png,99,129,51,32,benign
benign (290).png,0,0,465,389,benign
benign (290).png,72,34,261,128,benign
benign (291).png,0,0,462,404,benign
benign (291).png,166,91,60,44,benign
benign (292).png,0,0,460,391,benign
benign (292).png,25,112,155,59,benign
benign (293).png,0,0,473,389,benign
benign (293).png,32,113,153,60,benign
benign (294).png,0,0,469,394,benign
benign (294).png,226,169,214,91,benign
benign (295).png,0,0,472,387,benign
benign (295).png,121,150,186,68,benign
benign (296).png,0,0,503,328,benign
benign (296).png,115,25,301,95,benign
benign (297).png,0,0,467,390,benign
benign (297).png,201,47,112,66,benign
benign (298).png,0,0,466,391,benign
benign (298).png,27,135,142,77,benign
benign (299).png,0,0,463,392,benign
benign (299).png,39,88,176,90,benign
benign (3).png,0,0,558,471,benign
benign (3).png,321,145,132,71,benign
benign (30).png,0,0,557,462,benign
benign (30).png,179,50,66,68,benign
benign (300).png,0,0,463,387,benign
benign (300).png,85,79,177,128,benign
benign (301).png,0,0,463,383,benign
benign (301).png,395,61,41,26,benign
benign (302).png,0,0,466,390,benign
benign (302).png,58,148,75,49,benign
benign (303).png,0,0,463,398,benign
benign (303).png,146,18,134,104,benign
benign (304).png,0,0,467,387,benign
benign (304).png,85,62,268,98,benign
benign (305).png,0,0,466,389,benign
benign (305).png,212,63,108,53,benign
benign (306).png,0,0,471,386,benign
benign (306).png,158,123,228,68,benign
benign (307).png,0,0,775,587,benign
benign (307).png,83,99,217,85,benign
benign (308).png,0,0,552,468,benign
benign (308).png,231,77,102,56,benign
benign (309).png,0,0,769,487,benign
benign (309).png,115,201,573,163,benign
benign (31).png,0,0,557,467,benign
benign (31).png,159,51,51,39,benign
benign (310).png,0,0,544,468,benign
benign (310).png,150,31,323,75,benign
benign (311).png,0,0,549,496,benign
benign (311).png,18,14,415,142,benign
benign (312).png,0,0,552,490,benign
benign (312).png,2,67,314,142,benign
benign (313).png,0,0,555,468,benign
benign (313).png,192,184,155,48,benign
benign (314).png,0,0,554,493,benign
benign (314).png,4,55,264,114,benign
benign (315).png,0,0,551,470,benign
benign (315).png,321,66,90,49,benign
benign (315)_1.png,72,30,134,49,benign
benign (316).png,0,0,550,469,benign
benign (316).png,6,24,540,240,benign
benign (317).png,0,0,551,491,benign
benign (317).png,3,32,316,126,benign
benign (318).png,0,0,554,465,benign
benign (318).png,284,136,48,24,benign
benign (319).png,0,0,560,467,benign
benign (319).png,104,227,159,77,benign
benign (32).png,0,0,656,611,benign
benign (32).png,2,126,469,131,benign
benign (320).png,0,0,558,475,benign
benign (320).png,324,146,127,69,benign
benign (321).png,0,0,546,467,benign
benign (321).png,303,126,37,24,benign
benign (322).png,0,0,555,491,benign
benign (322).png,226,190,73,54,benign
benign (323).png,0,0,560,468,benign
benign (323).png,320,96,119,76,benign
benign (324).png,0,0,626,583,benign
benign (324).png,429,115,71,46,benign
benign (325).png,0,0,613,583,benign
benign (325).png,286,187,86,52,benign
benign (326).png,0,0,754,619,benign
benign (326).png,124,87,293,218,benign
benign (327).png,0,0,689,578,benign
benign (327).png,25,62,214,198,benign
benign (328).png,0,0,685,567,benign
benign (328).png,360,126,83,38,benign
benign (329).png,0,0,665,576,benign
benign (329).png,332,182,80,39,benign
benign (33).png,0,0,556,468,benign
benign (33).png,38,61,188,105,benign
benign (330).png,0,0,669,567,benign
benign (330).png,173,104,347,194,benign
benign (331).png,0,0,695,527,benign
benign (331).png,511,146,116,70,benign
benign (332).png,0,0,703,531,benign
benign (332).png,226,129,76,58,benign
benign (333).png,0,0,777,569,benign
benign (333).png,237,21,290,211,benign
benign (334).png,0,0,589,426,benign
benign (334).png,240,128,89,83,benign
benign (335).png,0,0,681,559,benign
benign (335).png,244,36,263,125,benign
benign (336).png,0,0,783,585,benign
benign (336).png,348,78,262,101,benign
benign (337).png,0,0,555,487,benign
benign (337).png,355,54,108,82,benign
benign (338).png,0,0,611,382,benign
benign (338).png,282,34,93,36,benign
benign (339).png,0,0,557,465,benign
benign (339).png,187,102,217,152,benign
benign (34).png,0,0,558,471,benign
benign (34).png,87,71,212,82,benign
benign (340).png,0,0,770,425,benign
benign (340).png,170,48,538,212,benign
benign (341).png,0,0,683,562,benign
benign (341).png,119,45,326,214,benign
benign (342).png,0,0,581,431,benign
benign (342).png,218,43,363,210,benign
benign (343).png,0,0,564,467,benign
benign (343).png,93,160,277,101,benign
benign (344).png,0,0,576,434,benign
benign (344).png,114,25,205,78,benign
benign (345).png,0,0,566,466,benign
benign (345).png,198,153,73,44,benign
benign (346).png,0,0,610,373,benign
benign (346).png,402,102,89,62,benign
benign (346)_1.png,0,27,262,168,benign
benign (347).png,0,0,605,683,benign
benign (347).png,151,106,132,59,benign
benign (348).png,0,0,1028,565,benign
benign (348).png,465,159,165,65,benign
benign (349).png,0,0,555,471,benign
benign (349).png,98,15,117,48,benign
benign (35).png,0,0,556,476,benign
benign (35).png,64,103,75,50,benign
benign (350).png,0,0,786,580,benign
benign (350).png,248,100,344,224,benign
benign (351).png,0,0,585,429,benign
benign (351).png,279,214,105,84,benign
benign (352).png,0,0,573,428,benign
benign (352).png,329,42,66,53,benign
benign (353).png,0,0,680,583,benign
benign (353).png,195,128,132,45,benign
benign (354).png,0,0,606,605,benign
benign (354).png,150,119,289,145,benign
benign (355).png,0,0,675,562,benign
benign (355).png,103,45,375,167,benign
benign (356).png,0,0,556,468,benign
benign (356).png,65,20,334,138,benign
benign (357).png,0,0,581,429,benign
benign (357).png,173,130,164,73,benign
benign (358).png,0,0,555,467,benign
benign (358).png,196,133,178,90,benign
benign (359).png,0,0,567,462,benign
benign (359).png,214,117,105,51,benign
benign (36).png,0,0,526,474,benign
benign (36).png,174,172,200,149,benign
benign (360).png,0,0,683,574,benign
benign (360).png,392,45,144,135,benign
benign (361).png,0,0,558,470,benign
benign (361).png,121,148,273,103,benign
benign (362).png,0,0,557,464,benign
benign (362).png,161,173,90,47,benign
benign (363).png,0,0,586,433,benign
benign (363).png,234,160,137,49,benign
benign (364).png,0,0,557,465,benign
benign (364).png,138,66,190,89,benign
benign (365).png,0,0,582,431,benign
benign (365).png,129,128,134,72,benign
benign (366).png,0,0,562,463,benign
benign (366).png,199,75,210,117,benign
benign (367).png,0,0,560,462,benign
benign (367).png,76,234,383,107,benign
benign (368).png,0,0,689,575,benign
benign (368).png,125,105,124,80,benign
benign (369).png,0,0,772,581,benign
benign (369).png,237,134,101,70,benign
benign (37).png,0,0,557,468,benign
benign (37).png,186,69,75,78,benign
benign (370).png,0,0,549,458,benign
benign (370).png,182,50,292,179,benign
benign (371).png,0,0,756,589,benign
benign (371).png,415,121,283,376,benign
benign (372).png,0,0,544,469,benign
benign (372).png,108,79,213,128,benign
benign (373).png,0,0,555,457,benign
benign (373).png,125,123,145,93,benign
benign (374).png,0,0,544,468,benign
benign (374).png,154,94,66,27,benign
benign (375).png,0,0,775,571,benign
benign (375).png,192,96,290,153,benign
benign (376).png,0,0,546,467,benign
benign (376).png,148,60,327,220,benign
benign (377).png,0,0,752,578,benign
benign (377).png,361,39,147,87,benign
benign (378).png,0,0,548,464,benign
benign (378).png,203,42,149,69,benign
benign (379).png,0,0,1010,583,benign
benign (379).png,436,69,292,85,benign
benign (38).png,0,0,550,484,benign
benign (38).png,288,68,100,74,benign
benign (380).png,0,0,750,572,benign
benign (380).png,286,151,139,73,benign
benign (381).png,0,0,747,576,benign
benign (381).png,180,82,258,151,benign
benign (382).png,0,0,730,475,benign
benign (382).png,52,58,403,148,benign
benign (383).png,0,0,552,493,benign
benign (383).png,213,233,184,116,benign
benign (384).png,0,0,760,425,benign
benign (384).png,93,52,388,114,benign
benign (385).png,0,0,551,458,benign
benign (385).png,205,76,173,75,benign
benign (386).png,0,0,768,578,benign
benign (386).png,293,53,216,158,benign
benign (387).png,0,0,549,486,benign
benign (387).png,156,108,216,117,benign
benign (388).png,0,0,763,572,benign
benign (388).png,325,225,168,63,benign
benign (389).png,0,0,927,567,benign
benign (389).png,419,116,198,89,benign
benign (39).png,0,0,578,433,benign
benign (39).png,137,160,105,77,benign
benign (390).png,0,0,779,583,benign
benign (390).png,425,153,159,74,benign
benign (391).png,0,0,687,578,benign
benign (391).png,33,175,495,147,benign
benign (392).png,0,0,729,477,benign
benign (392).png,67,94,427,255,benign
benign (393).png,0,0,685,583,benign
benign (393).png,178,53,385,374,benign
benign (394).png,0,0,558,468,benign
benign (394).png,160,147,187,75,benign
benign (395).png,0,0,615,576,benign
benign (395).png,207,25,288,188,benign
benign (396).png,0,0,420,474,benign
benign (396).png,45,99,151,24,benign
benign (397).png,0,0,554,470,benign
benign (397).png,13,58,238,169,benign
benign (398).png,0,0,563,469,benign
benign (398).png,147,47,408,182,benign
benign (399).png,0,0,1,1,benign
benign (399).png,161,74,286,164,benign
benign (4).png,0,0,555,465,benign
benign (4).png,82,113,64,41,benign
benign (4)_1.png,305,124,33,25,benign
benign (40).png,0,0,706,526,benign
benign (40).png,250,152,142,79,benign
benign (400).png,0,0,779,580,benign
benign (400).png,111,60,594,378,benign
benign (401).png,0,0,557,469,benign
benign (401).png,161,33,231,170,benign
benign (402).png,0,0,561,469,benign
benign (402).png,321,68,220,80,benign
benign (403).png,0,0,549,467,benign
benign (403).png,77,62,297,166,benign
benign (404).png,0,0,772,578,benign
benign (404).png,90,55,673,391,benign
benign (405).png,0,0,566,465,benign
benign (405).png,48,36,500,201,benign
benign (406).png,0,0,563,463,benign
benign (406).png,168,60,276,184,benign
benign (407).png,0,0,560,467,benign
benign (407).png,53,161,445,269,benign
benign (408).png,0,0,554,465,benign
benign (408).png,109,65,313,95,benign
benign (409).png,0,0,558,466,benign
benign (409).png,36,51,507,266,benign
benign (41).png,0,0,550,484,benign
benign (41).png,129,218,237,144,benign
benign (410).png,0,0,558,468,benign
benign (410).png,0,67,304,136,benign
benign (411).png,0,0,602,587,benign
benign (411).png,208,27,284,182,benign
benign (412).png,0,0,779,576,benign
benign (412).png,75,53,617,412,benign
benign (413).png,0,0,433,478,benign
benign (413).png,64,98,114,25,benign
benign (414).png,0,0,812,703,benign
benign (414).png,66,53,660,337,benign
benign (415).png,0,0,781,578,benign
benign (415).png,80,55,685,410,benign
benign (416).png,0,0,878,574,benign
benign (416).png,138,34,240,99,benign
benign (417).png,0,0,599,416,benign
benign (417).png,171,94,183,51,benign
benign (418).png,0,0,607,414,benign
benign (418).png,133,96,178,54,benign
benign (419).png,0,0,772,574,benign
benign (419).png,88,98,216,73,benign
benign (42).png,0,0,581,437,benign
benign (42).png,73,52,219,105,benign
benign (420).png,0,0,768,574,benign
benign (420).png,220,117,456,182,benign
benign (421).png,0,0,551,487,benign
benign (421).png,0,74,352,132,benign
benign (422).png,0,0,768,487,benign
benign (422).png,127,201,521,172,benign
benign (423).png,0,0,561,470,benign
benign (423).png,152,29,321,77,benign
benign (424).png,0,0,544,469,benign
benign (424).png,215,77,118,54,benign
benign (424)_1.png,149,77,42,28,benign
benign (425).png,0,0,544,469,benign
benign (425).png,302,100,108,61,benign
benign (426).png,0,0,549,465,benign
benign (426).png,29,19,516,235,benign
benign (427).png,0,0,780,380,benign
benign (427).png,325,109,121,89,benign
benign (428).png,0,0,769,382,benign
benign (428).png,163,92,272,95,benign
benign (429).png,0,0,582,437,benign
benign (429).png,321,20,114,40,benign
benign (43).png,0,0,554,495,benign
benign (43).png,287,70,54,53,benign
benign (430).png,0,0,768,581,benign
benign (430).png,226,66,215,117,benign
benign (431).png,0,0,582,431,benign
benign (431).png,335,18,122,45,benign
benign (432).png,0,0,469,394,benign
benign (432).png,135,72,210,94,benign
benign (433).png,0,0,550,462,benign
benign (433).png,196,75,66,60,benign
benign (434).png,0,0,501,609,benign
benign (434).png,145,92,313,205,benign
benign (435).png,0,0,552,469,benign
benign (435).png,186,77,80,60,benign
benign (436).png,0,0,502,474,benign
benign (436).png,110,44,212,143,benign
benign (437).png,0,0,768,585,benign
benign (437).png,259,139,82,28,benign
benign (44).png,0,0,777,580,benign
benign (44).png,197,161,128,59,benign
benign (45).png,0,0,775,580,benign
benign (45).png,165,79,218,189,benign
benign (46).png,0,0,561,468,benign
benign (46).png,227,121,60,48,benign
benign (47).png,0,0,763,585,benign
benign (47).png,568,116,69,41,benign
benign (48).png,0,0,775,583,benign
benign (48).png,200,149,218,194,benign
benign (49).png,0,0,777,576,benign
benign (49).png,124,70,566,311,benign
benign (5).png,0,0,549,496,benign
benign (5).png,222,190,73,59,benign
benign (50).png,0,0,884,581,benign
benign (50).png,177,162,171,106,benign
benign (51).png,0,0,357,338,benign
benign (51).png,175,99,47,28,benign
benign (52).png,0,0,370,338,benign
benign (52).png,217,55,61,28,benign
benign (53).png,0,0,552,492,benign
benign (53).png,340,157,92,66,benign
benign (54).png,0,0,616,468,benign
benign (54).png,321,78,233,102,benign
benign (54)_1.png,139,102,55,40,benign
benign (55).png,0,0,763,614,benign
benign (55).png,221,259,115,92,benign
benign (56).png,0,0,806,711,benign
benign (56).png,131,119,304,159,benign
benign (57).png,0,0,555,470,benign
benign (57).png,260,67,84,53,benign
benign (58).png,0,0,781,572,benign
benign (58).png,207,54,182,109,benign
benign (58)_1.png,208,101,65,37,benign
benign (59).png,0,0,563,468,benign
benign (59).png,321,58,169,106,benign
benign (6).png,0,0,558,467,benign
benign (6).png,320,89,118,79,benign
benign (60).png,0,0,759,598,benign
benign (60).png,412,71,74,40,benign
benign (61).png,0,0,773,578,benign
benign (61).png,539,99,209,111,benign
benign (62).png,0,0,389,594,benign
benign (62).png,92,164,290,213,benign
benign (63).png,0,0,608,660,benign
benign (63).png,285,250,83,63,benign
benign (64).png,0,0,610,471,benign
benign (64).png,52,37,518,338,benign
benign (65).png,0,0,564,474,benign
benign (65).png,304,53,146,97,benign
benign (66).png,0,0,562,473,benign
benign (66).png,371,131,111,84,benign
benign (67).png,0,0,516,467,benign
benign (67).png,72,224,303,175,benign
benign (68).png,0,0,682,587,benign
benign (68).png,259,57,334,302,benign
benign (69).png,0,0,811,719,benign
benign (69).png,332,333,119,54,benign
benign (7).png,0,0,624,578,benign
benign (7).png,435,113,58,48,benign
benign (70).png,0,0,713,475,benign
benign (70).png,198,115,111,42,benign
benign (71).png,0,0,554,469,benign
benign (71).png,221,84,58,54,benign
benign (72).png,0,0,557,465,benign
benign (72).png,26,95,194,136,benign
benign (73).png,0,0,557,471,benign
benign (73).png,200,39,304,246,benign
benign (74).png,0,0,561,467,benign
benign (74).png,430,126,65,40,benign
benign (75).png,0,0,685,578,benign
benign (75).png,224,217,166,108,benign
benign (76).png,0,0,848,685,benign
benign (76).png,203,170,123,102,benign
benign (77).png,0,0,551,488,benign
benign (77).png,319,97,102,98,benign
benign (78).png,0,0,777,576,benign
benign (78).png,265,105,88,80,benign
benign (79).png,0,0,648,604,benign
benign (79).png,196,39,183,127,benign
benign (8).png,0,0,617,585,benign
benign (8).png,290,184,83,57,benign
benign (80).png,0,0,561,473,benign
benign (80).png,143,94,295,266,benign
benign (81).png,0,0,563,464,benign
benign (81).png,242,112,87,58,benign
benign (82).png,0,0,656,458,benign
benign (82).png,340,177,153,117,benign
benign (83).png,0,0,581,432,benign
benign (83).png,384,77,65,44,benign
benign (83)_1.png,178,86,63,38,benign
benign (84).png,0,0,839,510,benign
benign (84).png,353,104,382,181,benign
benign (85).png,0,0,561,465,benign
benign (85).png,30,24,229,147,benign
benign (86).png,0,0,777,578,benign
benign (86).png,195,163,96,40,benign
benign (87).png,0,0,768,571,benign
benign (87).png,208,172,197,64,benign
benign (88).png,0,0,873,560,benign
benign (88).png,637,152,221,204,benign
benign (89).png,0,0,893,576,benign
benign (89).png,93,90,115,86,benign
benign (9).png,0,0,752,585,benign
benign (9).png,119,78,287,228,benign
benign (90).png,0,0,772,574,benign
benign (90).png,248,158,64,61,benign
benign (91).png,0,0,806,704,benign
benign (91).png,407,141,94,44,benign
benign (92).png,0,0,763,612,benign
benign (92).png,268,80,201,158,benign
benign (92)_1.png,521,150,108,73,benign
benign (93).png,0,0,561,466,benign
benign (93).png,41,44,136,76,benign
benign (93)_1.png,263,130,67,55,benign
benign (94).png,0,0,767,583,benign
benign (94).png,566,133,173,82,benign
benign (95).png,0,0,558,470,benign
benign (95).png,87,102,67,63,benign
benign (96).png,0,0,767,574,benign
benign (96).png,64,172,332,251,benign
benign (97).png,0,0,592,470,benign
benign (97).png,257,175,307,202,benign
benign (98).png,0,0,795,558,benign
benign (98).png,492,88,203,144,benign
benign (98)_1.png,0,156,551,263,benign
benign (99).png,0,0,554,471,benign
benign (99).png,300,56,147,95,benign
IMG-20250408-WA0022.jpg,0,0,431,476,malignant
IMG-20250408-WA0023.jpg,0,0,548,495,malignant
IMG-20250408-WA0024.jpg,0,0,432,473,malignant
IMG-20250408-WA0025.jpg,0,0,449,598,malignant
IMG-20250408-WA0026.jpg,0,0,425,475,malignant
malignant (1).png,0,0,449,598,malignant
malignant (1).png,8,133,432,271,malignant
malignant (10).png,0,0,462,393,malignant
malignant (10).png,206,36,100,78,malignant
malignant (100).png,0,0,557,476,malignant
malignant (100).png,159,70,236,120,malignant
malignant (101).png,0,0,883,559,malignant
malignant (101).png,237,95,404,279,malignant
malignant (102).png,0,0,916,551,malignant
malignant (102).png,186,128,396,285,malignant
malignant (103).png,0,0,555,488,malignant
malignant (103).png,101,72,259,288,malignant
malignant (104).png,0,0,554,494,malignant
malignant (104).png,115,94,307,254,malignant
malignant (105).png,0,0,577,450,malignant
malignant (105).png,465,50,112,100,malignant
malignant (106).png,0,0,667,458,malignant
malignant (106).png,76,158,228,165,malignant
malignant (107).png,0,0,576,454,malignant
malignant (107).png,114,100,349,172,malignant
malignant (108).png,0,0,660,459,malignant
malignant (108).png,190,162,422,178,malignant
malignant (109).png,0,0,552,471,malignant
malignant (109).png,61,93,303,119,malignant
malignant (11).png,0,0,471,393,malignant
malignant (11).png,209,149,175,130,malignant
malignant (110).png,0,0,557,470,malignant
malignant (110).png,200,226,131,88,malignant
malignant (111).png,0,0,421,470,malignant
malignant (111).png,39,112,309,199,malignant
malignant (112).png,0,0,549,471,malignant
malignant (112).png,245,35,112,63,malignant
malignant (113).png,0,0,745,482,malignant
malignant (113).png,340,163,208,166,malignant
malignant (114).png,0,0,340,439,malignant
malignant (114).png,28,48,261,198,malignant
malignant (115).png,0,0,581,438,malignant
malignant (115).png,134,61,292,154,malignant
malignant (116).png,0,0,582,434,malignant
malignant (116).png,0,41,137,153,malignant
malignant (117).png,0,0,611,434,malignant
malignant (117).png,15,35,259,164,malignant
malignant (118).png,0,0,562,473,malignant
malignant (118).png,219,110,228,183,malignant
malignant (119).png,0,0,564,469,malignant
malignant (119).png,226,89,246,202,malignant
malignant (12).png,0,0,479,392,malignant
malignant (12).png,184,193,103,70,malignant
malignant (120).png,0,0,564,470,malignant
malignant (120).png,202,91,326,192,malignant
malignant (121).png,0,0,562,476,malignant
malignant (121).png,347,84,84,64,malignant
malignant (122).png,0,0,554,467,malignant
malignant (122).png,101,85,349,205,malignant
malignant (123).png,0,0,321,483,malignant
malignant (123).png,14,55,269,201,malignant
malignant (124).png,0,0,545,494,malignant
malignant (124).png,161,70,268,245,malignant
malignant (125).png,0,0,557,465,malignant
malignant (125).png,260,96,138,127,malignant
malignant (126).png,0,0,557,478,malignant
malignant (126).png,130,93,238,127,malignant
malignant (127).png,0,0,591,464,malignant
malignant (127).png,29,47,416,289,malignant
malignant (128).png,0,0,625,468,malignant
malignant (128).png,34,45,471,312,malignant
malignant (129).png,0,0,569,458,malignant
malignant (129).png,5,38,431,315,malignant
malignant (13).png,0,0,468,393,malignant
malignant (13).png,43,80,286,106,malignant
malignant (130).png,0,0,555,463,malignant
malignant (130).png,231,135,257,167,malignant
malignant (131).png,0,0,604,461,malignant
malignant (131).png,427,161,151,121,malignant
malignant (132).png,0,0,451,581,malignant
malignant (132).png,32,121,383,303,malignant
malignant (133).png,0,0,479,485,malignant
malignant (133).png,1,54,391,307,malignant
malignant (134).png,0,0,556,467,malignant
malignant (134).png,266,133,163,147,malignant
malignant (135).png,0,0,933,571,malignant
malignant (135).png,312,147,260,198,malignant
malignant (136).png,0,0,190,335,malignant
malignant (136).png,54,18,127,71,malignant
malignant (137).png,0,0,233,339,malignant
malignant (137).png,9,13,213,236,malignant
malignant (138).png,0,0,556,467,malignant
malignant (138).png,131,99,297,156,malignant
malignant (139).png,0,0,549,474,malignant
malignant (139).png,102,28,259,162,malignant
malignant (14).png,0,0,273,398,malignant
malignant (14).png,24,49,208,160,malignant
malignant (140).png,0,0,546,463,malignant
malignant (140).png,241,18,293,185,malignant
malignant (141).png,0,0,2,3,malignant
malignant (141).png,228,84,259,87,malignant
malignant (142).png,0,0,556,465,malignant
malignant (142).png,121,106,360,332,malignant
malignant (143).png,0,0,562,467,malignant
malignant (143).png,119,124,203,92,malignant
malignant (144).png,0,0,544,470,malignant
malignant (144).png,122,80,311,300,malignant
malignant (145).png,0,0,550,462,malignant
malignant (145).png,193,72,77,70,malignant
malignant (146).png,0,0,575,432,malignant
malignant (146).png,126,54,301,217,malignant
malignant (147).png,0,0,552,471,malignant
malignant (147).png,270,97,189,130,malignant
malignant (148).png,0,0,556,463,malignant
malignant (148).png,47,113,66,63,malignant
malignant (149).png,0,0,763,572,malignant
malignant (149).png,19,212,214,211,malignant
malignant (15).png,0,0,361,398,malignant
malignant (15).png,21,90,297,173,malignant
malignant (150).png,0,0,557,463,malignant
malignant (150).png,56,110,455,294,malignant
malignant (151).png,0,0,513,467,malignant
malignant (151).png,208,78,281,259,malignant
malignant (152).png,0,0,776,574,malignant
malignant (152).png,184,75,525,367,malignant
malignant (153).png,0,0,650,603,malignant
malignant (153).png,21,28,535,432,malignant
malignant (154).png,0,0,556,464,malignant
malignant (154).png,26,51,401,218,malignant
malignant (155).png,0,0,551,487,malignant
malignant (155).png,158,48,260,210,malignant
malignant (156).png,0,0,562,457,malignant
malignant (156).png,26,51,529,295,malignant
malignant (157).png,0,0,564,471,malignant
malignant (157).png,30,56,100,79,malignant
malignant (158).png,0,0,313,444,malignant
malignant (158).png,26,113,271,182,malignant
malignant (159).png,0,0,556,482,malignant
malignant (159).png,71,169,318,243,malignant
malignant (16).png,0,0,511,472,malignant
malignant (16).png,6,78,417,195,malignant
malignant (160).png,0,0,626,587,malignant
malignant (160).png,192,152,421,284,malignant
malignant (161).png,0,0,694,576,malignant
malignant (161).png,171,9,459,304,malignant
malignant (162).png,0,0,620,587,malignant
malignant (162).png,2,12,554,359,malignant
malignant (163).png,0,0,643,570,malignant
malignant (163).png,75,46,533,430,malignant
malignant (164).png,0,0,551,473,malignant
malignant (164).png,19,13,451,420,malignant
malignant (165).png,0,0,505,332,malignant
malignant (165).png,69,2,414,275,malignant
malignant (166).png,0,0,555,488,malignant
malignant (166).png,4,65,132,114,malignant
malignant (167).png,0,0,563,459,malignant
malignant (167).png,17,93,301,263,malignant
malignant (168).png,0,0,557,469,malignant
malignant (168).png,141,97,281,270,malignant
malignant (169).png,0,0,557,463,malignant
malignant (169).png,419,194,54,38,malignant
malignant (17).png,0,0,765,590,malignant
malignant (17).png,224,97,284,173,malignant
malignant (170).png,0,0,556,463,malignant
malignant (170).png,14,67,504,243,malignant
malignant (171).png,0,0,624,589,malignant
malignant (171).png,181,79,316,161,malignant
malignant (172).png,0,0,602,469,malignant
malignant (172).png,191,94,186,150,malignant
malignant (173).png,0,0,573,451,malignant
malignant (173).png,22,244,233,99,malignant
malignant (174).png,0,0,633,581,malignant
malignant (174).png,165,51,286,188,malignant
malignant (175).png,0,0,564,470,malignant
malignant (175).png,57,53,350,252,malignant
malignant (176).png,0,0,640,594,malignant
malignant (176).png,52,40,283,251,malignant
malignant (177).png,0,0,613,581,malignant
malignant (177).png,32,52,146,186,malignant
malignant (178).png,0,0,562,467,malignant
malignant (178).png,159,21,227,187,malignant
malignant (179).png,0,0,432,476,malignant
malignant (179).png,95,86,288,177,malignant
malignant (18).png,0,0,579,437,malignant
malignant (18).png,43,38,221,134,malignant
malignant (180).png,0,0,562,461,malignant
malignant (180).png,312,180,246,152,malignant
malignant (181).png,0,0,497,488,malignant
malignant (181).png,9,90,148,103,malignant
malignant (182).png,0,0,689,583,malignant
malignant (182).png,52,130,442,299,malignant
malignant (183).png,0,0,557,457,malignant
malignant (183).png,137,57,286,277,malignant
malignant (184).png,0,0,552,492,malignant
malignant (184).png,84,27,311,228,malignant
malignant (185).png,0,0,694,582,malignant
malignant (185).png,140,76,348,268,malignant
malignant (186).png,0,0,566,506,malignant
malignant (186).png,157,21,353,396,malignant
malignant (187).png,0,0,765,585,malignant
malignant (187).png,173,69,342,205,malignant
malignant (188).png,0,0,724,473,malignant
malignant (188).png,180,72,299,272,malignant
malignant (189).png,0,0,433,400,malignant
malignant (189).png,258,183,88,44,malignant
malignant (19).png,0,0,554,459,malignant
malignant (19).png,67,93,329,252,malignant
malignant (190).png,0,0,576,427,malignant
malignant (190).png,150,72,211,181,malignant
malignant (191).png,0,0,673,471,malignant
malignant (191).png,94,72,117,171,malignant
malignant (192).png,0,0,556,488,malignant
malignant (192).png,284,74,158,57,malignant
malignant (193).png,0,0,781,574,malignant
malignant (193).png,271,102,172,131,malignant
malignant (194).png,0,0,923,555,malignant
malignant (194).png,584,122,315,300,malignant
malignant (195).png,0,0,555,475,malignant
malignant (195).png,117,101,312,235,malignant
malignant (196).png,0,0,557,465,malignant
malignant (196).png,121,31,189,215,malignant
malignant (197).png,0,0,552,484,malignant
malignant (197).png,136,129,163,271,malignant
malignant (198).png,0,0,616,677,malignant
malignant (198).png,103,45,307,183,malignant
malignant (199).png,0,0,504,473,malignant
malignant (199).png,156,84,186,139,malignant
malignant (2).png,0,0,548,495,malignant
malignant (2).png,139,40,409,347,malignant
malignant (20).png,0,0,558,475,malignant
malignant (20).png,75,111,331,237,malignant
malignant (200).png,0,0,438,463,malignant
malignant (200).png,90,152,288,97,malignant
malignant (201).png,0,0,678,576,malignant
malignant (201).png,182,137,370,294,malignant
malignant (202).png,0,0,550,491,malignant
malignant (202).png,124,23,243,262,malignant
malignant (203).png,0,0,577,411,malignant
malignant (203).png,127,42,294,279,malignant
malignant (204).png,0,0,875,585,malignant
malignant (204).png,387,63,256,323,malignant
malignant (205).png,0,0,510,470,malignant
malignant (205).png,69,75,390,340,malignant
malignant (206).png,0,0,792,571,malignant
malignant (206).png,22,137,504,376,malignant
malignant (207).png,0,0,557,458,malignant
malignant (207).png,141,20,240,161,malignant
malignant (208).png,0,0,617,664,malignant
malignant (208).png,20,114,578,355,malignant
malignant (209).png,0,0,508,471,malignant
malignant (209).png,126,95,112,65,malignant
malignant (21).png,0,0,601,367,malignant
malignant (21).png,7,6,254,278,malignant
malignant (210).png,0,0,775,587,malignant
malignant (210).png,140,227,508,317,malignant
malignant (22).png,0,0,570,474,malignant
malignant (22).png,200,93,266,268,malignant
malignant (23).png,0,0,569,468,malignant
malignant (23).png,19,121,486,283,malignant
malignant (24).png,0,0,564,462,malignant
malignant (24).png,112,89,344,283,malignant
malignant (25).png,0,0,563,470,malignant
malignant (25).png,75,43,363,386,malignant
malignant (26).png,0,0,564,469,malignant
malignant (26).png,235,29,138,135,malignant
malignant (27).png,0,0,567,475,malignant
malignant (27).png,360,93,141,89,malignant
malignant (28).png,0,0,562,470,malignant
malignant (28).png,368,97,142,98,malignant
malignant (29).png,0,0,567,470,malignant
malignant (29).png,27,89,282,286,malignant
malignant (3).png,0,0,425,475,malignant
malignant (3).png,78,150,152,141,malignant
malignant (30).png,0,0,573,468,malignant
malignant (30).png,80,22,335,361,malignant
malignant (31).png,0,0,723,509,malignant
malignant (31).png,6,23,554,444,malignant
malignant (32).png,0,0,557,492,malignant
malignant (32).png,160,86,223,349,malignant
malignant (33).png,0,0,557,496,malignant
malignant (33).png,131,64,278,387,malignant
malignant (34).png,0,0,620,589,malignant
malignant (34).png,244,108,155,161,malignant
malignant (35).png,0,0,592,387,malignant
malignant (35).png,3,30,256,216,malignant
malignant (36).png,0,0,623,494,malignant
malignant (36).png,173,69,291,169,malignant
malignant (37).png,0,0,626,490,malignant
malignant (37).png,86,0,340,293,malignant
malignant (38).png,0,0,1048,578,malignant
malignant (38).png,400,152,201,159,malignant
malignant (39).png,0,0,564,469,malignant
malignant (39).png,208,66,247,208,malignant
malignant (4).png,0,0,432,473,malignant
malignant (4).png,38,166,190,121,malignant
malignant (40).png,0,0,548,461,malignant
malignant (40).png,161,77,257,192,malignant
malignant (41).png,0,0,580,476,malignant
malignant (41).png,264,82,283,147,malignant
malignant (42).png,0,0,578,439,malignant
malignant (42).png,222,59,230,195,malignant
malignant (43).png,0,0,543,571,malignant
malignant (43).png,15,23,483,258,malignant
malignant (44).png,0,0,765,580,malignant
malignant (44).png,477,98,159,128,malignant
malignant (45).png,0,0,781,592,malignant
malignant (45).png,101,248,370,318,malignant
malignant (46).png,0,0,785,571,malignant
malignant (46).png,263,54,260,178,malignant
malignant (47).png,0,0,562,471,malignant
malignant (47).png,68,32,392,223,malignant
malignant (48).png,0,0,552,493,malignant
malignant (48).png,249,61,169,113,malignant
malignant (49).png,0,0,622,491,malignant
malignant (49).png,243,45,188,163,malignant
malignant (5).png,0,0,431,476,malignant
malignant (5).png,52,157,159,130,malignant
malignant (50).png,0,0,567,469,malignant
malignant (50).png,200,30,218,212,malignant
malignant (51).png,0,0,588,437,malignant
malignant (51).png,36,32,262,165,malignant
malignant (52).png,0,0,552,462,malignant
malignant (52).png,4,17,426,195,malignant
malignant (53).png,0,0,569,471,malignant
malignant (53).png,174,58,44,26,malignant
malignant (53)_1.png,130,84,316,89,malignant
malignant (54).png,0,0,777,580,malignant
malignant (54).png,148,79,271,160,malignant
malignant (55).png,0,0,786,556,malignant
malignant (55).png,11,87,221,155,malignant
malignant (56).png,0,0,690,538,malignant
malignant (56).png,300,37,387,255,malignant
malignant (57).png,0,0,717,533,malignant
malignant (57).png,320,34,378,197,malignant
malignant (58).png,0,0,688,558,malignant
malignant (58).png,234,59,392,274,malignant
malignant (59).png,0,0,682,561,malignant
malignant (59).png,41,152,476,275,malignant
malignant (6).png,0,0,432,478,malignant
malignant (6).png,87,166,130,152,malignant
malignant (60).png,0,0,681,559,malignant
malignant (60).png,53,162,441,229,malignant
malignant (61).png,0,0,566,462,malignant
malignant (61).png,130,97,148,93,malignant
malignant (62).png,0,0,693,565,malignant
malignant (62).png,89,141,349,258,malignant
malignant (63).png,0,0,795,572,malignant
malignant (63).png,247,90,420,284,malignant
malignant (64).png,0,0,772,479,malignant
malignant (64).png,68,95,320,149,malignant
malignant (65).png,0,0,922,584,malignant
malignant (65).png,224,184,211,162,malignant
malignant (66).png,0,0,655,584,malignant
malignant (66).png,111,184,207,164,malignant
malignant (67).png,0,0,946,604,malignant
malignant (67).png,351,114,198,243,malignant
malignant (68).png,0,0,574,464,malignant
malignant (68).png,229,93,3,1,malignant
malignant (69).png,0,0,646,461,malignant
malignant (69).png,233,91,274,142,malignant
malignant (7).png,0,0,432,474,malignant
malignant (7).png,62,177,146,108,malignant
malignant (70).png,0,0,668,463,malignant
malignant (70).png,238,84,194,142,malignant
malignant (71).png,0,0,528,592,malignant
malignant (71).png,51,109,361,291,malignant
malignant (72).png,0,0,528,598,malignant
malignant (72).png,107,108,393,415,malignant
malignant (73).png,0,0,549,474,malignant
malignant (73).png,82,55,151,108,malignant
malignant (74).png,0,0,558,464,malignant
malignant (74).png,92,41,169,101,malignant
malignant (75).png,0,0,441,412,malignant
malignant (75).png,158,0,283,184,malignant
malignant (76).png,0,0,769,494,malignant
malignant (76).png,65,17,449,285,malignant
malignant (77).png,0,0,801,587,malignant
malignant (77).png,243,23,317,221,malignant
malignant (78).png,0,0,880,567,malignant
malignant (78).png,282,24,359,224,malignant
malignant (79).png,0,0,564,468,malignant
malignant (79).png,57,49,342,199,malignant
malignant (8).png,0,0,426,473,malignant
malignant (8).png,67,171,147,128,malignant
malignant (80).png,0,0,643,443,malignant
malignant (80).png,28,39,161,290,malignant
malignant (81).png,0,0,764,452,malignant
malignant (81).png,102,140,227,181,malignant
malignant (82).png,0,0,569,459,malignant
malignant (82).png,62,97,304,159,malignant
malignant (83).png,0,0,654,616,malignant
malignant (83).png,243,195,217,168,malignant
malignant (84).png,0,0,649,612,malignant
malignant (84).png,252,192,298,237,malignant
malignant (85).png,0,0,733,485,malignant
malignant (85).png,163,131,471,224,malignant
malignant (86).png,0,0,735,483,malignant
malignant (86).png,82,118,520,267,malignant
malignant (87).png,0,0,561,499,malignant
malignant (87).png,289,19,247,173,malignant
malignant (88).png,0,0,775,591,malignant
malignant (88).png,224,96,279,176,malignant
malignant (89).png,0,0,786,585,malignant
malignant (89).png,22,88,728,271,malignant
malignant (9).png,0,0,430,480,malignant
malignant (9).png,78,172,126,134,malignant
malignant (90).png,0,0,783,587,malignant
malignant (90).png,179,120,325,234,malignant
malignant (91).png,0,0,550,494,malignant
malignant (91).png,142,47,302,241,malignant
malignant (92).png,0,0,617,581,malignant
malignant (92).png,229,70,189,199,malignant
malignant (93).png,0,0,554,470,malignant
malignant (93).png,152,67,291,175,malignant
malignant (94).png,0,0,564,452,malignant
malignant (94).png,73,55,394,262,malignant
malignant (95).png,0,0,781,486,malignant
malignant (95).png,274,51,455,190,malignant
malignant (96).png,0,0,560,483,malignant
malignant (96).png,163,29,396,233,malignant
malignant (97).png,0,0,583,486,malignant
malignant (97).png,188,47,389,202,malignant
malignant (98).png,0,0,770,486,malignant
malignant (98).png,171,84,174,142,malignant
malignant (99).png,0,0,550,486,malignant
malignant (99).png,65,90,218,138,malignant
IMG-20250408-WA0027.jpg,0,0,554,465,malignant
IMG-20250408-WA0028.jpg,0,0,578,434,malignant
IMG-20250408-WA0029.jpg,0,0,765,573,malignant
IMG-20250408-WA0030.jpg,0,0,568,470,malignant
IMG-20250408-WA0031.jpg,0,0,552,471,malignant
normal (1).png,0,0,568,470,malignant
normal (1).png,0,0,0,0,malignant
normal (10).png,0,0,501,485,malignant
normal (10).png,0,0,0,0,malignant
normal (100).png,0,0,690,574,malignant
normal (100).png,0,0,0,0,malignant
normal (101).png,0,0,678,572,malignant
normal (101).png,0,0,0,0,malignant
normal (102).png,0,0,770,576,malignant
normal (102).png,0,0,0,0,malignant
normal (103).png,0,0,772,574,malignant
normal (103).png,0,0,0,0,malignant
normal (104).png,0,0,550,471,malignant
normal (104).png,0,0,0,0,malignant
normal (105).png,0,0,562,463,malignant
normal (105).png,0,0,0,0,malignant
normal (106).png,0,0,558,468,malignant
normal (106).png,0,0,0,0,malignant
normal (107).png,0,0,560,468,malignant
normal (107).png,0,0,0,0,malignant
normal (108).png,0,0,770,589,malignant
normal (108).png,0,0,0,0,malignant
normal (109).png,0,0,557,475,malignant
normal (109).png,0,0,0,0,malignant
normal (11).png,0,0,752,576,malignant
normal (11).png,0,0,0,0,malignant
normal (110).png,0,0,552,468,malignant
normal (110).png,0,0,0,0,malignant
normal (111).png,0,0,913,663,malignant
normal (111).png,0,0,0,0,malignant
normal (112).png,0,0,929,655,malignant
normal (112).png,0,0,0,0,malignant
normal (113).png,0,0,948,704,malignant
normal (113).png,0,0,0,0,malignant
normal (114).png,0,0,916,700,malignant
normal (114).png,0,0,0,0,malignant
normal (115).png,0,0,556,494,malignant
normal (115).png,0,0,0,0,malignant
normal (116).png,0,0,785,585,malignant
normal (116).png,0,0,0,0,malignant
normal (117).png,0,0,770,574,malignant
normal (117).png,0,0,0,0,malignant
normal (118).png,0,0,928,695,malignant
normal (118).png,0,0,0,0,malignant
normal (119).png,0,0,552,486,malignant
normal (119).png,0,0,0,0,malignant
normal (12).png,0,0,779,583,malignant
normal (12).png,0,0,0,0,malignant
normal (120).png,0,0,772,578,malignant
normal (120).png,0,0,0,0,malignant
normal (121).png,0,0,550,465,malignant
normal (121).png,0,0,0,0,malignant
normal (122).png,0,0,766,578,malignant
normal (122).png,0,0,0,0,malignant
normal (123).png,0,0,685,558,malignant
normal (123).png,0,0,0,0,malignant
normal (124).png,0,0,811,712,malignant
normal (124).png,0,0,0,0,malignant
normal (125).png,0,0,558,471,malignant
normal (125).png,0,0,0,0,malignant
normal (126).png,0,0,765,601,malignant
normal (126).png,0,0,0,0,malignant
normal (127).png,0,0,555,467,malignant
normal (127).png,0,0,0,0,malignant
normal (128).png,0,0,622,596,malignant
normal (128).png,0,0,0,0,malignant
normal (129).png,0,0,617,684,malignant
normal (129).png,0,0,0,0,malignant
normal (13).png,0,0,779,574,malignant
normal (13).png,0,0,0,0,malignant
normal (130).png,0,0,739,477,malignant
normal (130).png,0,0,0,0,malignant
normal (131).png,0,0,669,574,malignant
normal (131).png,0,0,0,0,malignant
normal (132).png,0,0,857,700,malignant
normal (132).png,0,0,0,0,malignant
normal (133).png,0,0,560,471,malignant
normal (133).png,0,0,0,0,malignant
normal (14).png,0,0,765,581,malignant
normal (14).png,0,0,0,0,malignant
normal (15).png,0,0,554,464,malignant
normal (15).png,0,0,0,0,malignant
normal (16).png,0,0,566,464,malignant
normal (16).png,0,0,0,0,malignant
normal (17).png,0,0,560,465,malignant
normal (17).png,0,0,0,0,malignant
normal (18).png,0,0,562,473,malignant
normal (18).png,0,0,0,0,malignant
normal (19).png,0,0,660,566,malignant
normal (19).png,0,0,0,0,malignant
normal (2).png,0,0,552,471,malignant
normal (2).png,0,0,0,0,malignant
normal (20).png,0,0,851,687,malignant
normal (20).png,0,0,0,0,malignant
normal (21).png,0,0,545,463,malignant
normal (21).png,0,0,0,0,malignant
normal (22).png,0,0,552,470,malignant
normal (22).png,0,0,0,0,malignant
normal (23).png,0,0,763,578,malignant
normal (23).png,0,0,0,0,malignant
normal (24).png,0,0,626,573,malignant
normal (24).png,0,0,0,0,malignant
normal (25).png,0,0,781,571,malignant
normal (25).png,0,0,0,0,malignant
normal (26).png,0,0,738,475,malignant
normal (26).png,0,0,0,0,malignant
normal (27).png,0,0,804,707,malignant
normal (27).png,0,0,0,0,malignant
normal (28).png,0,0,761,619,malignant
normal (28).png,0,0,0,0,malignant
normal (29).png,0,0,679,567,malignant
normal (29).png,0,0,0,0,malignant
normal (3).png,0,0,554,465,malignant
normal (3).png,0,0,0,0,malignant
normal (30).png,0,0,550,490,malignant
normal (30).png,0,0,0,0,malignant
normal (31).png,0,0,547,473,malignant
normal (31).png,0,0,0,0,malignant
normal (32).png,0,0,557,470,malignant
normal (32).png,0,0,0,0,malignant
normal (33).png,0,0,777,587,malignant
normal (33).png,0,0,0,0,malignant
normal (34).png,0,0,779,576,malignant
normal (34).png,0,0,0,0,malignant
normal (35).png,0,0,616,688,malignant
normal (35).png,0,0,0,0,malignant
normal (36).png,0,0,812,705,malignant
normal (36).png,0,0,0,0,malignant
normal (37).png,0,0,816,709,malignant
normal (37).png,0,0,0,0,malignant
normal (38).png,0,0,763,619,malignant
normal (38).png,0,0,0,0,malignant
normal (39).png,0,0,757,618,malignant
normal (39).png,0,0,0,0,malignant
normal (4).png,0,0,578,434,malignant
normal (4).png,0,0,0,0,malignant
normal (40).png,0,0,763,598,malignant
normal (40).png,0,0,0,0,malignant
normal (41).png,0,0,761,600,malignant
normal (41).png,0,0,0,0,malignant
normal (42).png,0,0,763,611,malignant
normal (42).png,0,0,0,0,malignant
normal (43).png,0,0,759,592,malignant
normal (43).png,0,0,0,0,malignant
normal (44).png,0,0,761,618,malignant
normal (44).png,0,0,0,0,malignant
normal (45).png,0,0,767,601,malignant
normal (45).png,0,0,0,0,malignant
normal (46).png,0,0,393,310,malignant
normal (46).png,0,0,0,0,malignant
normal (47).png,0,0,391,313,malignant
normal (47).png,0,0,0,0,malignant
normal (48).png,0,0,392,312,malignant
normal (48).png,0,0,0,0,malignant
normal (49).png,0,0,396,316,malignant
normal (49).png,0,0,0,0,malignant
normal (5).png,0,0,765,573,malignant
normal (5).png,0,0,0,0,malignant
normal (50).png,0,0,392,310,malignant
normal (50).png,0,0,0,0,malignant
normal (51).png,0,0,554,490,malignant
normal (51).png,0,0,0,0,malignant
normal (52).png,0,0,552,487,malignant
normal (52).png,0,0,0,0,malignant
normal (53).png,0,0,757,648,malignant
normal (53).png,0,0,0,0,malignant
normal (54).png,0,0,554,492,malignant
normal (54).png,0,0,0,0,malignant
normal (55).png,0,0,557,491,malignant
normal (55).png,0,0,0,0,malignant
normal (56).png,0,0,763,598,malignant
normal (56).png,0,0,0,0,malignant
normal (57).png,0,0,548,490,malignant
normal (57).png,0,0,0,0,malignant
normal (58).png,0,0,554,487,malignant
normal (58).png,0,0,0,0,malignant
normal (59).png,0,0,765,621,malignant
normal (59).png,0,0,0,0,malignant
normal (6).png,0,0,776,574,malignant
normal (6).png,0,0,0,0,malignant
normal (60).png,0,0,552,486,malignant
normal (60).png,0,0,0,0,malignant
normal (61).png,0,0,752,601,malignant
normal (61).png,0,0,0,0,malignant
normal (62).png,0,0,763,598,malignant
normal (62).png,0,0,0,0,malignant
normal (63).png,0,0,558,467,malignant
normal (63).png,0,0,0,0,malignant
normal (64).png,0,0,558,470,malignant
normal (64).png,0,0,0,0,malignant
normal (65).png,0,0,670,570,malignant
normal (65).png,0,0,0,0,malignant
normal (66).png,0,0,561,468,malignant
normal (66).png,0,0,0,0,malignant
normal (67).png,0,0,545,493,malignant
normal (67).png,0,0,0,0,malignant
normal (68).png,0,0,558,488,malignant
normal (68).png,0,0,0,0,malignant
normal (69).png,0,0,556,487,malignant
normal (69).png,0,0,0,0,malignant
normal (7).png,0,0,770,585,malignant
normal (7).png,0,0,0,0,malignant
normal (70).png,0,0,557,471,malignant
normal (70).png,0,0,0,0,malignant
normal (71).png,0,0,547,470,malignant
normal (71).png,0,0,0,0,malignant
normal (72).png,0,0,916,692,malignant
normal (72).png,0,0,0,0,malignant
normal (73).png,0,0,509,474,malignant
normal (73).png,0,0,0,0,malignant
normal (74).png,0,0,558,467,malignant
normal (74).png,0,0,0,0,malignant
normal (75).png,0,0,556,467,malignant
normal (75).png,0,0,0,0,malignant
normal (76).png,0,0,555,469,malignant
normal (76).png,0,0,0,0,malignant
normal (77).png,0,0,560,471,malignant
normal (77).png,0,0,0,0,malignant
normal (78).png,0,0,731,478,malignant
normal (78).png,0,0,0,0,malignant
normal (79).png,0,0,703,471,malignant
normal (79).png,0,0,0,0,malignant
normal (8).png,0,0,775,587,malignant
normal (8).png,0,0,0,0,malignant
normal (80).png,0,0,562,470,malignant
normal (80).png,0,0,0,0,malignant
normal (81).png,0,0,767,587,malignant
normal (81).png,0,0,0,0,malignant
normal (82).png,0,0,560,468,malignant
normal (82).png,0,0,0,0,malignant
normal (83).png,0,0,619,576,malignant
normal (83).png,0,0,0,0,malignant
normal (84).png,0,0,509,477,malignant
normal (84).png,0,0,0,0,malignant
normal (85).png,0,0,557,464,malignant
normal (85).png,0,0,0,0,malignant
normal (86).png,0,0,552,469,malignant
normal (86).png,0,0,0,0,malignant
normal (87).png,0,0,552,467,malignant
normal (87).png,0,0,0,0,malignant
normal (88).png,0,0,560,463,malignant
normal (88).png,0,0,0,0,malignant
normal (89).png,0,0,558,467,malignant
normal (89).png,0,0,0,0,malignant
normal (9).png,0,0,495,491,malignant
normal (9).png,0,0,0,0,malignant
normal (90).png,0,0,558,496,malignant
normal (90).png,0,0,0,0,malignant
normal (91).png,0,0,558,493,malignant
normal (91).png,0,0,0,0,malignant
normal (92).png,0,0,554,486,malignant
normal (92).png,0,0,0,0,malignant
normal (93).png,0,0,770,578,malignant
normal (93).png,0,0,0,0,malignant
normal (94).png,0,0,678,585,malignant
normal (94).png,0,0,0,0,malignant
normal (95).png,0,0,693,582,malignant
normal (95).png,0,0,0,0,malignant
normal (96).png,0,0,687,578,malignant
normal (96).png,0,0,0,0,malignant
normal (97).png,0,0,560,470,malignant
normal (97).png,0,0,0,0,malignant
normal (98).png,0,0,562,470,malignant
normal (98).png,0,0,0,0,malignant
normal (99).png,0,0,556,468,malignant
normal (99).png,0,0,0,0,malignant
